{
  "BM25": {
    "mrr": {
      "mean": 0.2111111111111111,
      "ci_lo": 0.016666666666666666,
      "ci_hi": 0.5333333333333333
    },
    "recall@5": {
      "mean": 0.05555555555555555,
      "ci_lo": 0.0,
      "ci_hi": 0.16666666666666666
    },
    "ndcg@5": {
      "mean": 0.07821312100379274,
      "ci_lo": 0.0,
      "ci_hi": 0.23463936301137822
    },
    "p@1": {
      "mean": 0.16666666666666666,
      "ci_lo": 0.0,
      "ci_hi": 0.5
    },
    "success@5": {
      "mean": 0.16666666666666666,
      "ci_lo": 0.0,
      "ci_hi": 0.5
    }
  },
  "TF-IDF/VanillaRAG": {
    "mrr": {
      "mean": 0.25,
      "ci_lo": 0.0,
      "ci_hi": 0.5833333333333334
    },
    "recall@5": {
      "mean": 0.2222222222222222,
      "ci_lo": 0.0,
      "ci_hi": 0.5555555555555555
    },
    "ndcg@5": {
      "mean": 0.183368079932369,
      "ci_lo": 0.0,
      "ci_hi": 0.3936779977895215
    },
    "p@1": {
      "mean": 0.16666666666666666,
      "ci_lo": 0.0,
      "ci_hi": 0.5
    },
    "success@5": {
      "mean": 0.3333333333333333,
      "ci_lo": 0.0,
      "ci_hi": 0.6666666666666666
    }
  },
  "RepoCoder": {
    "mrr": {
      "mean": 0.07936507936507936,
      "ci_lo": 0.0,
      "ci_hi": 0.19047619047619047
    },
    "recall@5": {
      "mean": 0.1111111111111111,
      "ci_lo": 0.0,
      "ci_hi": 0.3333333333333333
    },
    "ndcg@5": {
      "mean": 0.06936352592478848,
      "ci_lo": 0.0,
      "ci_hi": 0.20809057777436543
    },
    "p@1": {
      "mean": 0.0,
      "ci_lo": 0.0,
      "ci_hi": 0.0
    },
    "success@5": {
      "mean": 0.16666666666666666,
      "ci_lo": 0.0,
      "ci_hi": 0.5
    }
  },
  "ChatGIT": {
    "mrr": {
      "mean": 0.38888888888888884,
      "ci_lo": 0.1111111111111111,
      "ci_hi": 0.6666666666666666
    },
    "recall@5": {
      "mean": 0.5,
      "ci_lo": 0.16666666666666666,
      "ci_hi": 0.8333333333333334
    },
    "ndcg@5": {
      "mean": 0.39780880120575696,
      "ci_lo": 0.11557106726954514,
      "ci_hi": 0.6800465351419688
    },
    "p@1": {
      "mean": 0.16666666666666666,
      "ci_lo": 0.0,
      "ci_hi": 0.5
    },
    "success@5": {
      "mean": 0.6666666666666666,
      "ci_lo": 0.329166666666674,
      "ci_hi": 1.0
    }
  }
}