{
  "VanillaRAG": {
    "0": {
      "mrr": 0.5472648916197304,
      "success@5": 0.6559139784946236,
      "n": 93
    },
    "1": {
      "mrr": 0.5826777087646653,
      "success@5": 0.6666666666666666,
      "n": 69
    },
    "2": {
      "mrr": 0.45818536454129677,
      "success@5": 0.5932203389830508,
      "n": 59
    }
  },
  "BM25": {
    "0": {
      "mrr": 0.23208311998634576,
      "success@5": 0.40860215053763443,
      "n": 93
    },
    "1": {
      "mrr": 0.22944559466298595,
      "success@5": 0.4057971014492754,
      "n": 69
    },
    "2": {
      "mrr": 0.14278988431530806,
      "success@5": 0.2711864406779661,
      "n": 59
    }
  },
  "ChatGIT": {
    "0": {
      "mrr": 0.3875874722648916,
      "success@5": 0.44086021505376344,
      "n": 93
    },
    "1": {
      "mrr": 0.48197607545433635,
      "success@5": 0.6521739130434783,
      "n": 69
    },
    "2": {
      "mrr": 0.03870056497175141,
      "success@5": 0.0847457627118644,
      "n": 59
    }
  },
  "conv_coherence": {
    "VanillaRAG": {
      "mean": 0.6541218637992832,
      "std": 0.406956063033855,
      "pct_perfect": 51.61290322580645
    },
    "BM25": {
      "mean": 0.3978494623655915,
      "std": 0.39031912476130376,
      "pct_perfect": 20.43010752688172
    },
    "ChatGIT": {
      "mean": 0.3369175627240143,
      "std": 0.30913848630967167,
      "pct_perfect": 2.1505376344086025
    }
  }
}